7381471,Rev. Baalagopaal Gupta,rev_gupta_baalagopaal@quitzon.test,male,active
7381469,Mrs. Bilwa Namboothiri,mrs_bilwa_namboothiri@johnston.example,female,inactive
7381468,Karunanidhi Mukhopadhyay,mukhopadhyay_karunanidhi@oberbrunner.example,female,inactive
7381467,Shresth Saini,shresth_saini@davis.test,female,inactive
7381466,Geeta Chopra,chopra_geeta@pfannerstill.example,male,inactive
7381464,Aarya Acharya,aarya_acharya@bruen.example,male,inactive
7381463,Sachin Menon,menon_sachin@bergnaum.example,female,active
7381462,Dron Kaniyar CPA,cpa_kaniyar_dron@rempel.test,male,active
7381461,Abani Deshpande,abani_deshpande@padberg.example,male,active
7381459,Amb. Chandi Guha,chandi_amb_guha@green.test,female,inactive
7381458,Swara Pillai,pillai_swara@ritchie-konopelski.test,female,active
7381457,Chitrangada Kaul DVM,dvm_kaul_chitrangada@crona.example,male,active
7381456,Sen. Trilochana Malik,sen_malik_trilochana@hackett.example,male,inactive
7381455,Prof. Gorakhnath Mishra,mishra_prof_gorakhnath@wiegand-hills.example,male,active
7381454,Krishnadasa Prajapat,prajapat_krishnadasa@mcdermott.example,female,active
7381453,Ranjit Trivedi,ranjit_trivedi@dubuque-cremin.example,female,inactive
7381452,Gopi Ganaka Jr.,jr_gopi_ganaka@bode.test,male,inactive
7381451,Jaimini Prajapat,prajapat_jaimini@hessel-tillman.example,male,inactive
7381450,The Hon. Kamalesh Trivedi,trivedi_kamalesh_the_hon@zboncak.example,female,active
7381449,Shreyashi Prajapat,prajapat_shreyashi@hessel.example,female,inactive
7381448,Sen. Vedanshi Bhattathiri,bhattathiri_sen_vedanshi@dach.example,female,inactive
7381447,Ekdant Acharya II,ekdant_ii_acharya@parker.test,male,inactive
7381446,Jaya Patel,patel_jaya@feest.test,female,active
7381445,Msgr. Lila Patil,lila_msgr_patil@koss.example,male,inactive
7381444,Anila Iyengar,anila_iyengar@king-walter.test,male,active
7380190,Atmaja Bandopadhyay,atmaja_bandopadhyay@auer.test,male,inactive
7380189,Charak Pilla I,charak_i_pilla@dubuque-green.test,female,active
7380187,Gov. Kin Achari,kin_gov_achari@balistreri.test,female,inactive
7380186,Balamani Gowda,balamani_gowda@haley.example,male,active
7380185,Devvrat Bandopadhyay,bandopadhyay_devvrat@klein.example,male,active
